Line Number,Section,Sentence in Document,Primary Source,Verbatim Source Text,Analytical Logic / Type
1,Tool & Process,"I utilized an Agentic LLM framework in a multi-stage dialectical audit.",N/A,N/A,Methodological statement
2,Tool & Process,"To prevent generative hallucination, I forced the LLM to query the arXiv API and build its critique exclusively using verified pre-prints regarding Urban Digital Twins (UDT) and civic opposition.",N/A,N/A,Methodological statement
3,Tool & Process,"Once the empirical sources were locked, I forced the LLM into an adversarial auto-critique to expose the actual political friction of the Digital Twin.",N/A,N/A,Methodological statement
4,Key Findings,"The empirical literature treats the UDT strictly as an operational dashboard (Sohail, 2024; Abouelrous, 2023).","Sohail (2024); Abouelrous (2023)","'Through advanced visualization... showcasing the potential for proactive interventions' (Sohail); 'control a physical system by constantly optimizing its performance' (Abouelrous)",Empirical synthesis
5,Key Findings,"When subjected to multi-layered critique, two opposing ideological violences emerge from the data.",N/A,N/A,Analytical transition
6,Thesis,"The standard critical view locates the true violence of the UDT within its algorithmic modeling.",N/A,N/A,Theoretical framing
7,Thesis,"Engineers plotting Sydney's physical sustainability or modeling Hanoi's electric vehicle charging networks (Linh Do, 2025) operate under a structural assumption: that gathering massive arrays of weather, emissions, and transit data inevitably yields an optimal, frictionless spatial layout.","Sohail (2024); Linh Do (2025)","'Sydney's urban digital twin... integrating diverse real-time and historical data, including weather... emissions' (Sohail); 'simulates EV charging behaviors, infrastructure layouts... balancing user satisfaction, energy efficiency' (Linh Do)",Empirical claim
8,Thesis,"The danger here is that data ontologies are inherently reductive (Abouelrous, 2023).",Abouelrous (2023),"'describe the ontology... of an urban logistics digital twin through its quantitative models.'",Empirical deduction
9,Thesis,"This process violently flattens non-deterministic, messy civic realities into isolated, actionable algebraic nodes.","Abouelrous (2023); Linh Do (2025)","'quantitative models' (Abouelrous); 'embedded metaheuristic optimization identifies near-optimal mixes' (Linh Do)",Theoretical deduction
10,Thesis,"Ultimately, the digital twin bypasses democratic negotiation entirely, replacing the lived, negotiated city with an optimized, closed-loop simulation that disenfranchises qualitative human input.",All Sources,N/A,Socio-political synthesis
11,Thesis,"The engineer unilaterally assumes that algorithmic efficiency is synonymous with civic utility, purposefully ignoring the socio-economic casualties created by the model.","Sohail (2024); Linh Do (2025)","'offers a promising solution... proactive interventions' (Sohail); 'vital for balancing user satisfaction' (Linh Do)",Theoretical deduction
12,Antithesis,"However, the adversarial critique reveals that defending 'democratic friction' frequently serves as nothing more than an apologia for a failing, stagnant status quo.",N/A,N/A,Theoretical framing
13,Antithesis,"Daniele (2024) extensively documents how 'civic negotiation' is routinely weaponized by entrenched local communities (the phenomenon of NIMBY opposition).",Daniele (2024),"'Local communities tend to oppose the construction of energy plants due to the associated negative externalities (the so-called 'not in my backyard' or NIMBY phenomenon)'",Empirical claim
14,Antithesis,"These localized groups cite negative externalities to successfully stall vital, large-scale transitions like renewable energy infrastructure.",Daniele (2024),"'Local opposition to the installation of renewable energy sources is a potential threat to the energy transition...'",Empirical claim
15,Antithesis,"Bemoaning that digital twins fail to map 'unpredictable human behavior' is a privileged luxury; non-deterministic behavior is exactly what generates lethal traffic gridlock (Sohail, 2024) and supply-chain failure (Abouelrous, 2023).","Sohail (2024); Abouelrous (2023)","'forecast traffic crash risks using environmental data' (Sohail); 'Urban traffic... largely affect living standards in cities due to external effects pertaining to pollution and congestion' (Abouelrous)",Empirical synthesis
16,Antithesis,"The algorithmic bypass of the UDT is not a suppression of democracy, but rather the destruction of the veto power held by a sclerotic administrative caste.",Daniele (2024),"'potential threat to the energy transition' (Daniele)",Theoretical deduction
17,Antithesis,"It subordinates localized, exclusionary prejudice to overriding, objective physical limits.","Daniele (2024); Sohail (2024)","'NIMBY phenomenon' (Daniele); 'integrating diverse real-time' (Sohail)",Theoretical synthesis
18,Synthesis,"Therefore, the digital twin represents a profound and necessary shift in urban epistemology.",N/A,N/A,Analytical transition
19,Synthesis,"The true battle over the implementation of a UDT is not between flesh-and-blood democracy and a cold machine.",N/A,N/A,Theoretical framing
20,Synthesis,"It is fundamentally a conflict of competing violences: the cold abstraction of the predictive algorithm versus the weaponized inefficiency of local opposition (Daniele, 2024; Linh Do, 2025).","Daniele (2024); Linh Do (2025)","'NIMBY phenomenon' (Daniele); 'embedded optimization' (Linh Do)",Socio-political synthesis
21,Synthesis,"By forcing the physical city to obey the overriding physics and carrying capacity of the mathematical model, the digital twin systematically bypasses traditional, localized pathways of civic power.","Abouelrous (2023); Sohail (2024)","'quantitative models' (Abouelrous); 'automatic identification of correlations' (Sohail)",Theoretical synthesis
22,Synthesis,"The UDT emerges not as a mere mapping tool, but as a potent political instrument utilized by central planners to overrule the localized stagnation that currently paralyzes modern urban development.",All Sources,N/A,Final Theoretical Deduction
23,Verification,"This exercise demonstrated both the limitations and the true analytical capacity of the generative model.",N/A,N/A,Methodological statement
24,Verification,"When minimally prompted, the LLM defaulted to a predictable, safety-aligned academic pessimism: it produced a generic, feel-good defense of 'human nature' against the 'cold algorithm.'",N/A,N/A,Methodological statement
25,Verification,"Only when explicitly instructed to aggressively unmake its own bias did the LLM synthesize the structural political reality.",N/A,N/A,Methodological statement
26,Verification,"Condemning the digital twin purely for being 'anti-democratic' ignores how frequently democracy in land-use is already computationally captured by localized opposition.",Daniele (2024),"'NIMBY phenomenon' (Daniele)",Theoretical deduction
27,Verification,"The LLM proved that it has the capacity to analyze the underlying political geometry of urban governance.",N/A,N/A,Methodological statement
28,Verification,"However, unlocking that analytical depth requires stripping away its default techno-solutionism by demanding strict, literal citations from verifiable literature (Daniele; Sohail; Linh Do) and subjecting those findings to a ruthless, adversarial dialectic.",All Sources,N/A,Final Conclusion
